"<<<<<<< HEAD",,0,
::1,"2025-09-14 23:13:33",725,/Blog_Playas2025/index.php
=======,,0,
">>>>>>> 55dd5ec2d1101da3081a6eebf9efc4a614664fbb",,0,
::1,"2025-06-10 16:43:38",193,/Blog_Playas2025/localidades/cantabria/playadeostende/index.php
::1,"2025-08-30 09:25:04",1967,/Blog_Playas2025/
::1,"2025-06-07 23:30:25",12,/Blog_Playas2025/localidades/Cantabria/playadeostende/index.php
::1,"2025-06-14 17:54:01",58,/Blog_Playas2025/index.php?i=1
::1,"2025-07-05 18:05:33",461,/Blog_Playas2025/localidades/cantabria/playa-de-ostende/index.php
::1,"2025-06-21 19:30:14",88,/Blog_Playas2025/localidades/Cantabria/playa-de-ostende/index.php
127.0.0.1,"2025-07-16 20:23:08",3,/Blog_Playas2025/
